id_concurso,ano,orgao,cargo,especialidade,banca,tipo_orgao,nivel_cargo,categoria_comparabilidade,url_edital,url_prova,url_padrao_resposta,fonte_oficial,status_confirmacao,observacoes
tce_rj_2021_ace_ti,2021,Tribunal de Contas do Estado do Rio de Janeiro (TCE/RJ),Analista de Controle Externo – Área: Controle Externo,Tecnologia da Informação,CEBRASPE,Tribunal de Contas estadual,superior,A,https://cdn.cebraspe.org.br/concursos/tce_rj_20/arquivos/ED_1_2020_TCE_RJ_ABERTURA.PDF,https://cdn.cebraspe.org.br/concursos/tce_rj_20/arquivos/CARGO_4_DISCURSIVA.PDF,https://cdn.cebraspe.org.br/concursos/tce_rj_20/arquivos/TCE_RJ_20_PADRAO_DE_RESPOSTAS_DEFINITIVO_CARGO_04_COMPLETO.PDF,sim — cdn.cebraspe.org.br,confirmado,"Edital publicado em 2020; prova aplicada em 7/2/2021. Cargo 4 confirmado no edital, no caderno discursivo e no padrão definitivo."
tcdf_2024_ace_ti_infra,2024,Tribunal de Contas do Distrito Federal (TCDF),Auditor de Controle Externo – Área Especializada,Tecnologia da Informação – Orientação Microinformática e Infraestrutura de TI,CEBRASPE,Tribunal de Contas distrital,superior,A,https://cdn.cebraspe.org.br/concursos/tc_df_24_auditor/arquivos/ED_1_TCDF_ACE_ABERTURA_VERSAO_COMPILADA_ATE_RET_ED_2.PDF,https://cdn.cebraspe.org.br/concursos/tc_df_24_auditor/arquivos/TCDF_AUDITOR_PROVA_DISCURSIVA__ESPECIALIDADE_3.PDF,https://cdn.cebraspe.org.br/concursos/tc_df_24_auditor/arquivos/PADRO_DEFINITIVO_DE_RESPOSTAS___PROVA_DISCURSIVA__ESPECIALIDADE_3.PDF,sim — cdn.cebraspe.org.br,confirmado,"Especialidade 3; prova aplicada em 17/11/2024. Cargo, orientação e nível superior confirmados no edital e nos documentos da prova."
tce_ms_2025_ace_ti,2025,Tribunal de Contas do Estado de Mato Grosso do Sul (TCE/MS),Auditor de Controle Externo,Área: Tecnologia da Informação,CEBRASPE,Tribunal de Contas estadual,superior,A,https://cdn.cebraspe.org.br/concursos/tce_ms_25/arquivos/84E86AED6CE1736C8A0CBD0840FAB66E40C05BDF0B76ACD4DC0F5D4FE0A8B5C7.pdf,https://cdn.cebraspe.org.br/concursos/tce_ms_25/arquivos/9D84E7DA00CB1E6420C5FA623DFD21125CAE15D164C982C05536423237BFC1BC.pdf,https://cdn.cebraspe.org.br/concursos/tce_ms_25/arquivos/737DF8925BAB03880ECC1029ABB1F3CCFD17897262638E79E1D5466427410693.pdf,sim — cdn.cebraspe.org.br,confirmado,"Cargo 5; prova aplicada em 26/10/2025. O cabeçalho da Questão 2 no padrão definitivo informa 25/10/2025, divergindo do caderno e das demais questões; foi adotada a data do caderno."
tce_rn_2026_ti,2026,Tribunal de Contas do Estado do Rio Grande do Norte (TCE/RN),Analista Administrativo; Auditor de Controle Externo,"Tecnologia da Informação — cargos 4, 5 e 12",CEBRASPE,Tribunal de Contas estadual,superior,A,https://cdn.cebraspe.org.br/concursos/tce_rn_25/arquivos/57E129C2E6851CF23E0EC1333E6F5A80DB7550368502E00A308C4E839EAE78BB.pdf,"[""https://cdn.cebraspe.org.br/concursos/tce_rn_25/arquivos/F9AB2EBB7F247C3E24C68D6486CD675EE2C25859F7C88992156F9E560634D4DE.pdf"", ""https://cdn.cebraspe.org.br/concursos/tce_rn_25/arquivos/E4812F1B53F384FED7E798C663DF4E89AF23E06A9F74410E650CD34D497C083C.pdf"", ""https://cdn.cebraspe.org.br/concursos/tce_rn_25/arquivos/B51E59EEEFF8976480BFD7DD1119016CF48AF3D729EEDE6BC2165149DF0DF0DB.pdf""]","[""https://cdn.cebraspe.org.br/concursos/tce_rn_25/arquivos/41F4E6F2F5C71FAD25C216A73511072D11BCCE8923A1BEED88F1E1EC4339B6CD.pdf"", ""https://cdn.cebraspe.org.br/concursos/tce_rn_25/arquivos/1BEFA4A254459CBD9B0F2E662F34DA543A810D2054B78FB55ABC21A7416D44C9.pdf"", ""https://cdn.cebraspe.org.br/concursos/tce_rn_25/arquivos/A4A95EA22A5DD7C0CC1A241F29E10BE9D56549296FAE18D5913AA25A2D1B6F18.pdf""]",sim — apis.cebraspe.org.br e cdn.cebraspe.org.br,confirmado,Provas aplicadas em 11/4/2026 (cargo 12) e 12/4/2026 (cargos 4 e 5). Evento oficial: TCE_RN_25.
tce_mg_2026_ace_cc,2026,Tribunal de Contas do Estado de Minas Gerais (TCE/MG),Analista de Controle Externo,Ciência da Computação — cargo 1,CEBRASPE,Tribunal de Contas estadual,superior,A,https://cdn.cebraspe.org.br/concursos/tce_mg_25/arquivos/AD0E95A57A75083E0B366CA96F60AB5FDFD382F50E65034B01BCAFE9A1AC2E30.pdf,https://cdn.cebraspe.org.br/concursos/tce_mg_25/arquivos/BD2CA7B4C0692568A4CBE06C5D1343C0B822874EF710889E0663F31DAC0B88A7.pdf,https://cdn.cebraspe.org.br/concursos/tce_mg_25/arquivos/57A21750DC72DDA4D36B60BAE7302E3CD96D8FBF7F9976BCB559CBF530D90989.pdf,sim — apis.cebraspe.org.br e cdn.cebraspe.org.br,confirmado,Edital 2025; prova aplicada em 25/1/2026. Evento oficial: TCE_MG_25.
tce_rs_2025_auditor_ti,2025,Tribunal de Contas do Estado do Rio Grande do Sul (TCE/RS),Auditor de Controle Externo,Tecnologia da Informação — cargo 4,CEBRASPE,Tribunal de Contas estadual,superior,A,https://cdn.cebraspe.org.br/concursos/tce_rs_25/arquivos/5BD602429F6DE6CF3F6208F84AD755EBAC97163D43C968C259DC3B818332AFF8.pdf,"[""https://cdn.cebraspe.org.br/concursos/tce_rs_25/arquivos/20A94A6217EB1821BC8B483AB5B58476AC7C0B164D1B9ED0AA352E2EF2EC8017.pdf"", ""https://cdn.cebraspe.org.br/concursos/tce_rs_25/arquivos/50010D3AA45DE313D7F398190F24FD83D0BD6A9133312104CE2499CF770EC387.pdf""]","[""https://cdn.cebraspe.org.br/concursos/tce_rs_25/arquivos/240C0EFE7C3BBBF36D674F04D1F7FF8540F69090BC2127AEA9B783B7D4961174.pdf"", ""https://cdn.cebraspe.org.br/concursos/tce_rs_25/arquivos/248965FA539108F622B4408875D19534A21A101C9B39AB6527B384C57B77E602.pdf""]",sim — apis.cebraspe.org.br e cdn.cebraspe.org.br,confirmado,Provas P3 e P4 aplicadas em 19/10/2025. Evento oficial: TCE_RS_25.
tce_pr_2024_auditor_informatica,2024,Tribunal de Contas do Estado do Paraná (TCE/PR),Auditor de Controle Externo,Informática — cargo 5,CEBRASPE,Tribunal de Contas estadual,superior,A,https://cdn.cebraspe.org.br/concursos/tce_pr_24_auditor/arquivos/ED_1_2024_TCE_PR_ABERTURA_VERSAO_ATUALIZADA_RET_3.PDF,https://cdn.cebraspe.org.br/concursos/tce_pr_24_auditor/arquivos/TCEPR_CARGO_5_DISC.PDF,https://cdn.cebraspe.org.br/concursos/tce_pr_24_auditor/arquivos/TCEPR_PADRO_DEFINITIVO_DE_RESPOSTAS_CARGO_5.PDF,sim — apis.cebraspe.org.br e cdn.cebraspe.org.br,confirmado,Provas aplicadas em 10/8/2024. Evento oficial: TCE_PR_24_AUDITOR.
tce_ac_2024_analista_ti,2024,Tribunal de Contas do Estado do Acre (TCE/AC),Analista de Tecnologia da Informação,Gestão de Dados; Infraestrutura de TI; Planejamento de TI; Projetos de TI; Segurança da Informação; Sistemas de Informação — cargos 6 a 11,CEBRASPE,Tribunal de Contas estadual,superior,A,https://cdn.cebraspe.org.br/concursos/tce_ac_24/arquivos/ED_1_TCE_AC_24_ABERTURA_ATUALIZADO_RET_2.PDF,https://cdn.cebraspe.org.br/concursos/tce_ac_24/arquivos/993_TCE_AC_001_DISC.PDF,https://cdn.cebraspe.org.br/concursos/tce_ac_24/arquivos/PADRO_DEFINITIVO_DE_RESPOSTA___CARGOS_1_A_13.PDF,sim — apis.cebraspe.org.br e cdn.cebraspe.org.br,confirmado,"Discursiva comum aos cargos superiores 1 a 13, aplicada em 1/9/2024; registrada uma vez para evitar duplicação artificial. Evento oficial: TCE_AC_24."
tcdf_2023_ace_sistemas,2023,Tribunal de Contas do Distrito Federal (TCDF),Auditor de Controle Externo – Área Especializada,Tecnologia da Informação – Orientação Sistemas de TI — cargo 3,CEBRASPE,Tribunal de Contas distrital,superior,A,https://cdn.cebraspe.org.br/concursos/tc_df_23/arquivos/ED_1_2023_TCDF_ABERTURA_VERSAO_COMPILADA_AT_RET_ED_5.PDF,https://cdn.cebraspe.org.br/concursos/tc_df_23/arquivos/897_TCDF_DISC_003.PDF,https://cdn.cebraspe.org.br/concursos/tc_df_23/arquivos/TC_DF_23_PADRO_DE_RESPOSTA_DEFINITIVO_CARGO_03.PDF,sim — apis.cebraspe.org.br e cdn.cebraspe.org.br,confirmado,Prova aplicada em 17/12/2023; certame distinto do TCDF 2024 da fase 1. Evento oficial: TC_DF_23.
tce_sc_2022_auditor_cc,2022,Tribunal de Contas do Estado de Santa Catarina (TCE/SC),Auditor Fiscal de Controle Externo,Ciências da Computação — cargo 3,CEBRASPE,Tribunal de Contas estadual,superior,A,https://cdn.cebraspe.org.br/concursos/tce_sc_21_auditor/arquivos/ED_1_2020_TCE_SC_ABERTURA.PDF,https://cdn.cebraspe.org.br/concursos/tce_sc_21_auditor/arquivos/660_TCESC_003_DISC.PDF,https://cdn.cebraspe.org.br/concursos/tce_sc_21_auditor/arquivos/TCE_SC_21_AUDITOR_PADRO_DE_RESPOSTA_DEFINITIVO_CARGO_03.PDF,sim — apis.cebraspe.org.br e cdn.cebraspe.org.br,confirmado,"Edital 2021; prova aplicada em 6/3/2022. O mapa de caracteres do PDF exigiu reversão documental, sem alteração do conteúdo. Evento oficial: TCE_SC_21_AUDITOR."
tce_ro_2019_ace_ti,2019,Tribunal de Contas do Estado de Rondônia (TCE/RO),Auditor de Controle Externo,Tecnologia da Informação — cargo 1,CEBRASPE,Tribunal de Contas estadual,superior,A,https://cdn.cebraspe.org.br/concursos/tce_ro_19/arquivos/ED_1__2019_TCE_RO_ABERTURA.PDF,https://cdn.cebraspe.org.br/concursos/tce_ro_19/arquivos/487_TCERO_DISC_001_01.PDF,https://cdn.cebraspe.org.br/concursos/tce_ro_19/arquivos/TCE_RO_19_PADRAO_DE_RESPOSTAS_DEFINITIVO_CARGO_1.PDF,sim — apis.cebraspe.org.br e cdn.cebraspe.org.br,confirmado,Prova aplicada em 20/10/2019. Evento oficial: TCE_RO_19.
tce_mg_2018_ace_cc,2018,Tribunal de Contas do Estado de Minas Gerais (TCE/MG),Analista de Controle Externo,Ciências da Computação — cargo 4,CEBRASPE,Tribunal de Contas estadual,superior,A,https://cdn.cebraspe.org.br/concursos/tce_mg_18/arquivos/ED_4_2018_TCE_MG_REABERTURA_DO_PRAZO_DE_RECURSO_CONTRA_O_PADRAO_PRELIMINAR_DE_RESPOSTA.PDF,https://cdn.cebraspe.org.br/concursos/tce_mg_18/arquivos/418_TCEMG_DISC04.PDF,"[""https://cdn.cebraspe.org.br/concursos/tce_mg_18/arquivos/TCE_MG_2018_QUESTO_1_TODOS_OS_CARGOS_PADRO_DEFINITIVO.PDF"", ""https://cdn.cebraspe.org.br/concursos/tce_mg_18/arquivos/TCE_MG_2018_QUESTO_2_CARGO_4_CIENCIAS_DA_COMPUTACAO_PADRO_DEFINITIVO.PDF""]",sim — apis.cebraspe.org.br e cdn.cebraspe.org.br,confirmado,Prova aplicada em 2018. Evento oficial: TCE_MG_18.
cgm_joao_pessoa_2018_auditor_sistemas,2018,Controladoria-Geral do Município de João Pessoa (CGM/JP),Auditor Municipal de Controle Interno,Desenvolvimento de Sistemas — cargo 3,CEBRASPE,Controladoria municipal,superior,A,https://cdn.cebraspe.org.br/concursos/pref_jp_17_cgm/arquivos/ED_4_2017_PREF_JP_17_CGM_RET_DATA.PDF,https://cdn.cebraspe.org.br/concursos/pref_jp_17_cgm/arquivos/356_PMJPCGM_DISC_003_01.PDF,https://cdn.cebraspe.org.br/concursos/pref_jp_17_cgm/arquivos/PREF_JP_17_para_o_cargo3_PadraoResposta_definitivo.PDF,sim — apis.cebraspe.org.br e cdn.cebraspe.org.br,confirmado,Edital 2017; prova aplicada em 28/1/2018. Evento oficial: PREF_JP_17_CGM.
tce_pr_2016_analista_informatica,2016,Tribunal de Contas do Estado do Paraná (TCE/PR),Analista de Controle,Informática — cargo 8,CEBRASPE,Tribunal de Contas estadual,superior,A,https://cdn.cebraspe.org.br/concursos/tce_pr_16_analista/arquivos/ED_1_2016_TCE_PR_ANALISTA_16_EDITAL_DE_ABERTURA.PDF,https://cdn.cebraspe.org.br/concursos/tce_pr_16_analista/arquivos/270TCEPR_DISC_008_01.pdf,"[""https://cdn.cebraspe.org.br/concursos/tce_pr_16_analista/arquivos/CARGO8_P3-Questao1.pdf"", ""https://cdn.cebraspe.org.br/concursos/tce_pr_16_analista/arquivos/CARGO8_P3-Questao2.pdf"", ""https://cdn.cebraspe.org.br/concursos/tce_pr_16_analista/arquivos/CARGO8_P3-Questao3.pdf"", ""https://cdn.cebraspe.org.br/concursos/tce_pr_16_analista/arquivos/CARGO8_P3-Questao4.pdf"", ""https://cdn.cebraspe.org.br/concursos/tce_pr_16_analista/arquivos/CARGO8_P4-Parecer.pdf""]",sim — apis.cebraspe.org.br e cdn.cebraspe.org.br,confirmado,Provas aplicadas em 11/9/2016. A API oficial disponibiliza apenas padrões preliminares para os cinco componentes. Evento oficial: TCE_PR_16_ANALISTA.
tce_pa_2016_auditor_informatica,2016,Tribunal de Contas do Estado do Pará (TCE/PA),Auditor de Controle Externo,Informática — cargos 32 a 36,CEBRASPE,Tribunal de Contas estadual,superior,A,https://cdn.cebraspe.org.br/concursos/tce_pa_16/arquivos/ED_4_2016_TCE_PA_RETIFICA____O_E_REABERTURA_DE_INSCRI____ES.PDF,https://cdn.cebraspe.org.br/concursos/tce_pa_16/arquivos/251TCEPA_DISC_001_01.pdf,https://cdn.cebraspe.org.br/concursos/tce_pa_16/arquivos/TCE_PA_PADRAO_DE_RESPOSTA_DEFINITIVO_CARGOS_%201e18a38.pdf,sim — apis.cebraspe.org.br e cdn.cebraspe.org.br,confirmado,"Discursiva geral comum aos cargos 1 e 18 a 38, aplicada em 7/8/2016; registrada uma vez para as cinco especialidades de TI. Evento oficial: TCE_PA_16."
tcu_2015_aufc_ti,2015,Tribunal de Contas da União (TCU),Auditor Federal de Controle Externo,Tecnologia da Informação — cargo 2,CEBRASPE,Tribunal de Contas da União,superior,A,https://cdn.cebraspe.org.br/concursos/tcu_15_aufc/arquivos/TCU_AUDITOR_ABT_ED._6.PDF,"[""https://cdn.cebraspe.org.br/concursos/tcu_15_aufc/arquivos/TCUAUFC_DISC_P3.pdf"", ""https://cdn.cebraspe.org.br/concursos/tcu_15_aufc/arquivos/TCUAUFC_DISC_P4_CARGO_2.pdf""]","[""https://cdn.cebraspe.org.br/concursos/tcu_15_aufc/arquivos/TCU_15_AUFC_PADRAO_DE_RESPOSTAS_DEFINITIVO_P3_QUESTAO_1.pdf"", ""https://cdn.cebraspe.org.br/concursos/tcu_15_aufc/arquivos/TCU_15_AUFC_PADRAO_DE_RESPOSTAS_DEFINITIVO_P3_QUESTAO_2.pdf"", ""https://cdn.cebraspe.org.br/concursos/tcu_15_aufc/arquivos/TCU_15_AUFC_PADRAO_DE_RESPOSTAS_DEFINITIVO_CARGO_2_P4_QUESTAO.pdf"", ""https://cdn.cebraspe.org.br/concursos/tcu_15_aufc/arquivos/TCU_15_AUFC_PADRAO_DE_RESPOSTAS_DEFINITIVO_CARGO_2_P4_PECA.pdf""]",sim — apis.cebraspe.org.br e cdn.cebraspe.org.br,confirmado,Provas P3 e P4 aplicadas em 16/8/2015. Evento oficial: TCU_15_AUFC.
tcu_2026_aufc_auditoria_ti,2026,Tribunal de Contas da União (TCU),Auditor Federal de Controle Externo – Área Controle Externo,Orientação: Auditoria de Tecnologia da Informação,CEBRASPE,Tribunal de Contas da União,superior,A,https://cdn.cebraspe.org.br/concursos/tcu_25_aufc/arquivos/E759D201D30A445B934F33FFDEB14868F911821C8674F7C54D91DCC372FF278A.pdf,https://cdn.cebraspe.org.br/concursos/tcu_25_aufc/arquivos/C755AC0EC03CD62E8802C6DFF89130043E61CE191AD3673D2A017293C5CFBB6E.pdf,https://cdn.cebraspe.org.br/concursos/tcu_25_aufc/arquivos/9DE5A2A09DFA527B96AEDBB3838F7B448A59C7E4A2564F4A5778CA44B8613573.pdf,sim — apis.cebraspe.org.br e cdn.cebraspe.org.br,confirmado,"Edital 2025; prova aplicada em 22/2/2026. Incorporado antes da análise temática, substituindo o CNJ 2024 por prioridade/comparabilidade superiores. Evento oficial: TCU_25_AUFC."
sefaz_se_2025_auditor_ti,2025,Secretaria de Estado da Fazenda de Sergipe (SEFAZ/SE),Auditor Fiscal Tributário,Tecnologia da Informação — especialidade 2,CEBRASPE,Secretaria de Fazenda estadual,superior,B,https://cdn.cebraspe.org.br/concursos/sefaz_se_25_auditor/arquivos/Ed_1_SEFAZ_SE_25_abertura.pdf,"[""https://cdn.cebraspe.org.br/concursos/sefaz_se_25_auditor/arquivos/BE30FFF6DADB1B68FC18E2F1EFDD7B68536C4904C66C0B7115CCF31428DFE346.pdf"", ""https://cdn.cebraspe.org.br/concursos/sefaz_se_25_auditor/arquivos/743034B9704C1FAC38BD9AFEECFBBF39B97371CCEAA4D281022A5BB5715DC2E2.pdf""]","[""https://cdn.cebraspe.org.br/concursos/sefaz_se_25_auditor/arquivos/FE4406D28028C7E7DAFB48DA595662D2CDE3F66214AB35EAF359248DB5E688F9.pdf"", ""https://cdn.cebraspe.org.br/concursos/sefaz_se_25_auditor/arquivos/F912C3E904255E26D7AF109A8D45AE21AC8BDD15C90AC8277791BAAB60F4281E.pdf""]",sim — apis.cebraspe.org.br e cdn.cebraspe.org.br,confirmado,Prova aplicada em 28/9/2025. Evento oficial: SEFAZ_SE_25_AUDITOR.
sefa_pr_2026_agente_ti,2026,Secretaria de Estado da Fazenda do Paraná (SEFA/PR),Agente Fazendário Estadual,Profissional de Tecnologia da Informação — cargo 6,CEBRASPE,Secretaria de Fazenda estadual,superior,B,https://cdn.cebraspe.org.br/concursos/sefa_pr_25/arquivos/819D0DDE5E9D488E1A1CC518CBE4559C4AA14A9C0ADA0C1664F36B9E76433019.pdf,https://cdn.cebraspe.org.br/concursos/sefa_pr_25/arquivos/C755AC0EC03CD62E8802C6DFF89130043E61CE191AD3673D2A017293C5CFBB6E.pdf,https://cdn.cebraspe.org.br/concursos/sefa_pr_25/arquivos/9DE5A2A09DFA527B96AEDBB3838F7B448A59C7E4A2564F4A5778CA44B8613573.pdf,sim — apis.cebraspe.org.br e cdn.cebraspe.org.br,confirmado,"Edital 2025; prova comum aos cargos 1 a 6, aplicada em 25/1/2026. Evento oficial: SEFA_PR_25."
sefaz_ce_2021_auditor_ti,2021,Secretaria da Fazenda do Estado do Ceará (SEFAZ/CE),Auditor Fiscal,Tecnologia da Informação da Receita Estadual — cargo 4,CEBRASPE,Secretaria de Fazenda estadual,superior,B,https://cdn.cebraspe.org.br/concursos/sefaz_ce_21/arquivos/ED_1_SEFAZ_CE_2021_ABERTURA.PDF,https://cdn.cebraspe.org.br/concursos/sefaz_ce_21/arquivos/598_SEFAZ_004_DISC.PDF,https://cdn.cebraspe.org.br/concursos/sefaz_ce_21/arquivos/SEFAZ_CE_21_PADRO_DE_RESPOSTA_DEFINITIVO_CARGO_4_COMPLETO.PDF,sim — apis.cebraspe.org.br e cdn.cebraspe.org.br,confirmado,Prova aplicada em 15/8/2021. Evento oficial: SEFAZ_CE_21.
stj_2024_analista_ti,2024,Superior Tribunal de Justiça (STJ),Analista Judiciário – Área Apoio Especializado,Análise de Sistemas de Informação — cargo 3; Suporte em Tecnologia da Informação — cargo 18,CEBRASPE,Poder Judiciário,superior,C,https://cdn.cebraspe.org.br/concursos/stj_24/arquivos/ED_1_2024_STJ_ABERTURA_ATUALIZADO_RET_ED_3.PDF,"[""https://cdn.cebraspe.org.br/concursos/stj_24/arquivos/018_STJ_003_DISC.PDF"", ""https://cdn.cebraspe.org.br/concursos/stj_24/arquivos/018_STJ_018_DISC.PDF""]","[""https://cdn.cebraspe.org.br/concursos/stj_24/arquivos/PADRO_DEFINITIVO_DE_RESPOSTA___CARGO_3.PDF"", ""https://cdn.cebraspe.org.br/concursos/stj_24/arquivos/PADRO_DEFINITIVO_DE_RESPOSTA___CARGO_18.PDF""]",sim — apis.cebraspe.org.br e cdn.cebraspe.org.br,confirmado,"Provas específicas por especialidade, aplicadas em 1/12/2024. Evento oficial: STJ_24."
trt10_2025_analista_ti,2025,Tribunal Regional do Trabalho da 10.ª Região (TRT10),Analista Judiciário – Área Apoio Especializado,Tecnologia da Informação — cargo 11,CEBRASPE,Poder Judiciário,superior,C,https://cdn.cebraspe.org.br/concursos/trt10_24/arquivos/Ed_1_2024_TRT_10_Abertura_atualizado_at%C3%A9_ret_6.pdf,https://cdn.cebraspe.org.br/concursos/trt10_24/arquivos/050_TRT10_DISC_011.pdf,https://cdn.cebraspe.org.br/concursos/trt10_24/arquivos/PADR%C3%83O%20DEFINITIVO%20DE%20RESPOSTA_PROVA%20DISCURSIVA_CARGO%2011.pdf,sim — apis.cebraspe.org.br e cdn.cebraspe.org.br,confirmado,Edital 2024; prova aplicada em 16/3/2025. Evento oficial: TRT10_24.
trf6_2025_analistas_ti,2025,Tribunal Regional Federal da 6.ª Região (TRF6),Analista Judiciário – Área Apoio Especializado,"Análise de Dados; Análise de Sistemas de Informação; Governança e Gestão de TI; Tecnologia da Informação — cargos 2, 3, 13 e 22",CEBRASPE,Poder Judiciário,superior,C,https://cdn.cebraspe.org.br/concursos/trf6_24/arquivos/Ed_1_TRF6_24_Abertura_atualizado_ret_9.pdf,https://cdn.cebraspe.org.br/concursos/trf6_24/arquivos/1_PROVA_DISCURSIVA___COMUM_PARA_OS_CARGOS_1_A_7__12__13__19_A_21_E_22.PDF,https://cdn.cebraspe.org.br/concursos/trf6_24/arquivos/PADRO_DE_RESPOSTA_DEFINITIVO___COMUM_PARA_OS_CARGOS_1_A_7__12__13__19_A_21_E_22.PDF,sim — apis.cebraspe.org.br e cdn.cebraspe.org.br,confirmado,"Edital 2024; discursiva geral comum aos cargos superiores indicados, aplicada em 19/1/2025 e registrada uma vez. Evento oficial: TRF6_24."
